{
    "world_root": {
        "source": "worldpoint",
        "position": {
            "type": "relative",
            "x": 0,
            "y": 0,
            "z": 0
        }
    },
    "arm_right_home": {
        "source": "robtarget",
        "position": {
            "type": "relative",
            "x": -9.578368507,
            "y": -182.609892723,
            "z": 198.627808149
        },
        "orientation": {
            "q1": 0.066010726,
            "q2": -0.842420918,
            "q3": -0.111214912,
            "q4": -0.523068661
        },
        "axis_configuration": {
            "j1": 0,
            "j4": 0,
            "j6": 0,
            "jx": 4
        },
        "external_axes_position": {
            "a1": -135,
            "a2": 9000000000.0,
            "a3": 9000000000.0,
            "a4": 9000000000.0,
            "a5": 9000000000.0,
            "a6": 9000000000.0
        }
    },
    "arm_right_checkpoint": {
        "source": "robtarget",
        "position": {
            "type": "relative",
            "x": 230.63,
            "y": -306.78,
            "z": 344.65
        },
        "orientation": {
            "q1": 0.00690582,
            "q2": -0.696909,
            "q3": 0.716442,
            "q4": 0.031331
        },
        "axis_configuration": {
            "j1": 0.0,
            "j4": 3.0,
            "j6": -1.0,
            "jx": 4.0
        },
        "external_axes_position": {
            "a1": 127.403,
            "a2": 8999999000.0,
            "a3": 8999999000.0,
            "a4": 8999999000.0,
            "a5": 8999999000.0,
            "a6": 8999999000.0
        }
    },
    "arm_right_box_rubber": {
        "source": "robtarget",
        "position": {
            "type": "relative",
            "x": 20.9,
            "y": -453.76,
            "z": 159.82
        },
        "orientation": {
            "q1": 0.0245752,
            "q2": -0.717984,
            "q3": 0.693646,
            "q4": -0.0524358
        },
        "axis_configuration": {
            "j1": 0.0,
            "j4": 2.0,
            "j6": -1.0,
            "jx": 5.0
        },
        "external_axes_position": {
            "a1": -144.191,
            "a2": 8999999000.0,
            "a3": 8999999000.0,
            "a4": 8999999000.0,
            "a5": 8999999000.0,
            "a6": 8999999000.0
        }
    },
    "arm_right_tool_rubber": {
        "source": "robtarget",
        "position": {
            "type": "relative",
            "x": 237.09,
            "y": -0.46,
            "z": 191.61
        },
        "orientation": {
            "q1": 0.0149576,
            "q2": 0.999497,
            "q3": -0.0121885,
            "q4": 0.0251626
        },
        "axis_configuration": {
            "j1": 1.0,
            "j4": 2.0,
            "j6": -1.0,
            "jx": 4.0
        },
        "external_axes_position": {
            "a1": 174.572,
            "a2": 8999999000.0,
            "a3": 8999999000.0,
            "a4": 8999999000.0,
            "a5": 8999999000.0,
            "a6": 8999999000.0
        }
    },
    "arm_right_box_metal": {
        "source": "robtarget",
        "position": {
            "type": "relative",
            "x": 29.5,
            "y": -378.11,
            "z": 166.98
        },
        "orientation": {
            "q1": 0.0156723,
            "q2": -0.715246,
            "q3": 0.698389,
            "q4": -0.0207418
        },
        "axis_configuration": {
            "j1": 0.0,
            "j4": 2.0,
            "j6": -1.0,
            "jx": 4.0
        },
        "external_axes_position": {
            "a1": -138.94,
            "a2": 8999999000.0,
            "a3": 8999999000.0,
            "a4": 8999999000.0,
            "a5": 8999999000.0,
            "a6": 8999999000.0
        }
    },
    "arm_right_tool_metal": {
        "source": "robtarget",
        "position": {
            "type": "relative",
            "x": 239.94,
            "y": -21.7,
            "z": 193.62
        },
        "orientation": {
            "q1": 0.0250965,
            "q2": 0.99943,
            "q3": 0.0225883,
            "q4": -1.4287e-05
        },
        "axis_configuration": {
            "j1": 1.0,
            "j4": 2.0,
            "j6": -1.0,
            "jx": 4.0
        },
        "external_axes_position": {
            "a1": -177.402,
            "a2": 8999999000.0,
            "a3": 8999999000.0,
            "a4": 8999999000.0,
            "a5": 8999999000.0,
            "a6": 8999999000.0
        }
    },
    "arm_right_tool_metal_above": {
        "source": "robtarget",
        "position": {
            "type": "relative",
            "x": 239.26,
            "y": -17.53,
            "z": 287.33
        },
        "orientation": {
            "q1": 0.0115334,
            "q2": 0.999175,
            "q3": 0.0387477,
            "q4": 0.00395694
        },
        "axis_configuration": {
            "j1": 1.0,
            "j4": 2.0,
            "j6": -1.0,
            "jx": 4.0
        },
        "external_axes_position": {
            "a1": -169.396,
            "a2": 8999999000.0,
            "a3": 8999999000.0,
            "a4": 8999999000.0,
            "a5": 8999999000.0,
            "a6": 8999999000.0
        }
    },
    "arm_right_tool_rubber_above": {
        "source": "robtarget",
        "position": {
            "type": "relative",
            "x": 238.19,
            "y": 2.51,
            "z": 287.17
        },
        "orientation": {
            "q1": 0.015538,
            "q2": 0.999794,
            "q3": 0.00794331,
            "q4": 0.0103586
        },
        "axis_configuration": {
            "j1": 1.0,
            "j4": 2.0,
            "j6": -1.0,
            "jx": 4.0
        },
        "external_axes_position": {
            "a1": -175.604,
            "a2": 8999999000.0,
            "a3": 8999999000.0,
            "a4": 8999999000.0,
            "a5": 8999999000.0,
            "a6": 8999999000.0
        }
    },
    "arm_left_tool_lever": {
        "source": "robtarget",
        "position": {
            "type": "relative",
            "x": 123.64,
            "y": 140.6,
            "z": 148.09
        },
        "orientation": {
            "q1": 0.580284,
            "q2": -0.260514,
            "q3": 0.696766,
            "q4": -0.331542
        },
        "axis_configuration": {
            "j1": -1.0,
            "j4": 1.0,
            "j6": 0.0,
            "jx": 5.0
        },
        "external_axes_position": {
            "a1": 141.656,
            "a2": 8999999000.0,
            "a3": 8999999000.0,
            "a4": 8999999000.0,
            "a5": 8999999000.0,
            "a6": 8999999000.0
        }
    },
    "arm_left_tool_lever_down": {
        "source": "robtarget",
        "position": {
            "type": "relative",
            "x": 51.76,
            "y": 265.79,
            "z": 91.45
        },
        "orientation": {
            "q1": 0.421943,
            "q2": -0.560793,
            "q3": 0.578826,
            "q4": -0.415254
        },
        "axis_configuration": {
            "j1": -1.0,
            "j4": 1.0,
            "j6": -1.0,
            "jx": 5.0
        },
        "external_axes_position": {
            "a1": 132.622,
            "a2": 8999999000.0,
            "a3": 8999999000.0,
            "a4": 8999999000.0,
            "a5": 8999999000.0,
            "a6": 8999999000.0
        }
    },
    "arm_left_tool_lever_rotation_1": {
        "source": "robtarget",
        "position": {
            "type": "relative",
            "x": 131.44,
            "y": 274.46,
            "z": 85.0
        },
        "orientation": {
            "q1": 0.359305,
            "q2": -0.532377,
            "q3": 0.659144,
            "q4": -0.391158
        },
        "axis_configuration": {
            "j1": -1.0,
            "j4": 1.0,
            "j6": -1.0,
            "jx": 5.0
        },