{
    "world_root": {
        "source": "worldpoint",
        "position": {
            "type": "relative",
            "x": 0,
            "y": 0,
            "z": 0
        }
    },
    "arm_right_home": {
        "source": "robtarget",
        "position": {
            "type": "relative",
            "x": -9.578368507,
            "y": -182.609892723,
            "z": 198.627808149
        },
        "orientation": {
            "q1": 0.066010726,
            "q2": -0.842420918,
            "q3": -0.111214912,
            "q4": -0.523068661
        },
        "axis_configuration": {
            "j1": 0,
            "j4": 0,
            "j6": 0,
            "jx": 4
        },
        "external_axes_position": {
            "a1": -135,
            "a2": 9000000000.0,
            "a3": 9000000000.0,
            "a4": 9000000000.0,
            "a5": 9000000000.0,
            "a6": 9000000000.0
        }
    },
    "arm_right_box_rubber": {
        "source": "robtarget",
        "position": {
            "type": "relative",
            "x": 0.000118624,
            "y": -500.000273551,
            "z": 50.000135047
        },
        "orientation": {
            "q1": -7.4e-08,
            "q2": 1,
            "q3": 1.53e-07,
            "q4": -2.18e-07
        },
        "axis_configuration": {
            "j1": 1,
            "j4": -3,
            "j6": 1,
            "jx": 4
        },
        "external_axes_position": {
            "a1": 141.160749011,
            "a2": 9000000000.0,
            "a3": 9000000000.0,
            "a4": 9000000000.0,
            "a5": 9000000000.0,
            "a6": 9000000000.0
        }
    },
    "arm_right_box_metal": {
        "source": "robtarget",
        "position": {
            "type": "relative",
            "x": 6.7094e-05,
            "y": -400.000238942,
            "z": 50.000095187
        },
        "orientation": {
            "q1": -9.6e-08,
            "q2": 1,
            "q3": 1.6e-08,
            "q4": -1.44e-07
        },
        "axis_configuration": {
            "j1": 1,
            "j4": -2,
            "j6": 0,
            "jx": 4
        },
        "external_axes_position": {
            "a1": 144.348261693,
            "a2": 9000000000.0,
            "a3": 9000000000.0,
            "a4": 9000000000.0,
            "a5": 9000000000.0,
            "a6": 9000000000.0
        }
    },
    "arm_right_tool_rubber": {
        "source": "robtarget",
        "position": {
            "type": "relative",
            "x": 250.000049229,
            "y": 49.999763028,
            "z": 49.999925352
        },
        "orientation": {
            "q1": -1.39e-07,
            "q2": 1,
            "q3": -3e-09,
            "q4": -1.55e-07
        },
        "axis_configuration": {
            "j1": 2,
            "j4": -2,
            "j6": 0,
            "jx": 4
        },
        "external_axes_position": {
            "a1": 167.500034828,
            "a2": 9000000000.0,
            "a3": 9000000000.0,
            "a4": 9000000000.0,
            "a5": 9000000000.0,
            "a6": 9000000000.0
        }
    },
    "arm_right_tool_metal": {
        "source": "robtarget",
        "position": {
            "type": "relative",
            "x": 250.000052017,
            "y": -50.000262069,
            "z": 49.999940798
        },
        "orientation": {
            "q1": -1.41e-07,
            "q2": 1,
            "q3": 3.2e-08,
            "q4": -1.49e-07
        },
        "axis_configuration": {
            "j1": 2,
            "j4": -2,
            "j6": 0,
            "jx": 4
        },
        "external_axes_position": {
            "a1": 164.490284649,
            "a2": 9000000000.0,
            "a3": 9000000000.0,
            "a4": 9000000000.0,
            "a5": 9000000000.0,
            "a6": 9000000000.0
        }
    },
    "arm_right_checkpoint": {
        "source": "robtarget",
        "position": {
            "type": "relative",
            "x": 100.000607765,
            "y": -250.001247243,
            "z": 100.000034258
        },
        "orientation": {
            "q1": 3.6e-08,
            "q2": 1,
            "q3": 5.27e-07,
            "q4": -7.24e-07
        },
        "axis_configuration": {
            "j1": 0,
            "j4": 2,
            "j6": -2,
            "jx": 4
        },
        "external_axes_position": {
            "a1": -109.408804654,
            "a2": 9000000000.0,
            "a3": 9000000000.0,
            "a4": 9000000000.0,
            "a5": 9000000000.0,
            "a6": 9000000000.0
        }
    },
    "arm_right_rubber_box": {
        "source": "robtarget",
        "position": {
            "type": "relative",
            "x": 50.002155912,
            "y": -450.00412424,
            "z": 100.001489369
        },
        "orientation": {
            "q1": -3.17e-07,
            "q2": 1,
            "q3": 1.272e-06,
            "q4": -2.62e-06
        },
        "axis_configuration": {
            "j1": 0,
            "j4": 3,
            "j6": -2,
            "jx": 4
        },
        "external_axes_position": {
            "a1": -79.264966865,
            "a2": 9000000000.0,
            "a3": 9000000000.0,
            "a4": 9000000000.0,
            "a5": 9000000000.0,
            "a6": 9000000000.0
        }
    },
    "arm_right_rubber_drop": {
        "source": "robtarget",
        "position": {
            "type": "relative",
            "x": 100.000352048,
            "y": -25.001354037,
            "z": 99.999974104
        },
        "orientation": {
            "q1": 2.14e-07,
            "q2": 1,
            "q3": 1.105e-06,
            "q4": -9.81e-07
        },
        "axis_configuration": {
            "j1": 1,
            "j4": 2,
            "j6": -1,
            "jx": 4
        },
        "external_axes_position": {
            "a1": -125.396358218,
            "a2": 9000000000.0,
            "a3": 9000000000.0,
            "a4": 9000000000.0,
            "a5": 9000000000.0,
            "a6": 9000000000.0
        }
    },
    "arm_right_metal_box": {
        "source": "robtarget",
        "position": {
            "type": "relative",
            "x": 50.000109323,
            "y": -350.000246891,
            "z": 100.000076893
        },
        "orientation": {
            "q1": -1.03e-07,
            "q2": 1,
            "q3": 9.9e-08,
            "q4": -1.81e-07
        },
        "axis_configuration": {
            "j1": 0,
            "j4": 2,
            "j6": -2,
            "jx": 4
        },
        "external_axes_position": {
            "a1": -91.898624339,
            "a2": 9000000000.0,
            "a3": 9000000000.0,
            "a4": 9000000000.0,
            "a5": 9000000000.0,
            "a6": 9000000000.0
        }
    },
    "arm_right_metal_drop": {
        "source": "robtarget",
        "position": {
            "type": "relative",
            "x": 100.000076332,
            "y": -0.000244356,
            "z": 99.999974563
        },
        "orientation": {
            "q1": -9.8e-08,
            "q2": 1,
            "q3": -2.2e-08,
            "q4": -1.6e-07
        },
        "axis_configuration": {
            "j1": 1,
            "j4": 2,
            "j6": -1,
            "jx": 4
        },
        "external_axes_position": {
            "a1": -125.505627584,
            "a2": 9000000000.0,
            "a3": 9000000000.0,
            "a4": 9000000000.0,
            "a5": 9000000000.0,
            "a6": 9000000000.0
        }
    },
    "arm_right_checkpoint_tool_1": {
        "source": "robtarget",
        "position": {
            "type": "relative",
            "x": 200.001098186,
            "y": -250.002310608,
            "z": 100.000095494
        },
        "orientation": {
            "q1": -3.76e-07,
            "q2": 1,
            "q3": 9.37e-07,
            "q4": -1.402e-06
        },
        "axis_configuration": {
            "j1": 1,
            "j4": 2,
            "j6": -2,