{
    "world_root": {
        "source": "worldpoint",
        "position": {
            "type": "relative",
            "x": 0,
            "y": 0,
            "z": 0
        }
    },
    "arm_right_home": {
        "source": "robtarget",
        "position": {
            "type": "relative",
            "x": -9.578368507,
            "y": -182.609892723,
            "z": 198.627808149
        },
        "orientation": {
            "q1": 0.066010726,
            "q2": -0.842420918,
            "q3": -0.111214912,
            "q4": -0.523068661
        },
        "axis_configuration": {
            "j1": 0,
            "j4": 0,
            "j6": 0,
            "jx": 4
        },
        "external_axes_position": {
            "a1": -135,
            "a2": 9000000000.0,
            "a3": 9000000000.0,
            "a4": 9000000000.0,
            "a5": 9000000000.0,
            "a6": 9000000000.0
        }
    },
    "arm_right_checkpoint": {
        "source": "robtarget",
        "position": {
            "type": "relative",
            "x": 257.47,
            "y": -406.47,
            "z": 255.18
        },
        "orientation": {
            "q1": 0.0443535,
            "q2": 0.998432,
            "q3": 0.0107611,
            "q4": 0.0323987
        },
        "axis_configuration": {
            "j1": 0.0,
            "j4": 1.0,
            "j6": 0.0,
            "jx": 4.0
        },
        "external_axes_position": {
            "a1": 138.855,
            "a2": 8999999000.0,
            "a3": 8999999000.0,
            "a4": 8999999000.0,
            "a5": 8999999000.0,
            "a6": 8999999000.0
        }
    },
    "arm_right_box_rubber": {
        "source": "robtarget",
        "position": {
            "type": "relative",
            "x": 111.85,
            "y": -469.36,
            "z": 216.39
        },
        "orientation": {
            "q1": 0.0100089,
            "q2": 0.999617,
            "q3": -0.0137916,
            "q4": -0.0218017
        },
        "axis_configuration": {
            "j1": 0.0,
            "j4": 0.0,
            "j6": 1.0,
            "jx": 4.0
        },
        "external_axes_position": {
            "a1": 175.453,
            "a2": 8999999000.0,
            "a3": 8999999000.0,
            "a4": 8999999000.0,
            "a5": 8999999000.0,
            "a6": 8999999000.0
        }
    },
    "arm_right_tool_rubber": {
        "source": "robtarget",
        "position": {
            "type": "relative",
            "x": 245.79,
            "y": -28.06,
            "z": 197.25
        },
        "orientation": {
            "q1": 0.00141942,
            "q2": -0.999148,
            "q3": -0.0408091,
            "q4": -0.00594084
        },
        "axis_configuration": {
            "j1": 1.0,
            "j4": 2.0,
            "j6": -1.0,
            "jx": 4.0
        },
        "external_axes_position": {
            "a1": -153.452,
            "a2": 8999999000.0,
            "a3": 8999999000.0,
            "a4": 8999999000.0,
            "a5": 8999999000.0,
            "a6": 8999999000.0
        }
    },
    "arm_right_box_metal": {
        "source": "robtarget",
        "position": {
            "type": "relative",
            "x": 104.08,
            "y": -314.62,
            "z": 248.09
        },
        "orientation": {
            "q1": 0.0102884,
            "q2": -0.99339,
            "q3": -0.00520388,
            "q4": -0.114205
        },
        "axis_configuration": {
            "j1": 0.0,
            "j4": 1.0,
            "j6": 0.0,
            "jx": 4.0
        },
        "external_axes_position": {
            "a1": 171.942,
            "a2": 8999999000.0,
            "a3": 8999999000.0,
            "a4": 8999999000.0,
            "a5": 8999999000.0,
            "a6": 8999999000.0
        }
    },
    "arm_right_tool_metal": {
        "source": "robtarget",
        "position": {
            "type": "relative",
            "x": 241.57,
            "y": -94.31,
            "z": 200.41
        },
        "orientation": {
            "q1": 0.000839043,
            "q2": 0.999675,
            "q3": 0.0245638,
            "q4": 0.00670922
        },
        "axis_configuration": {
            "j1": 1.0,
            "j4": 2.0,
            "j6": -1.0,
            "jx": 4.0
        },
        "external_axes_position": {
            "a1": -150.259,
            "a2": 8999999000.0,
            "a3": 8999999000.0,
            "a4": 8999999000.0,
            "a5": 8999999000.0,
            "a6": 8999999000.0
        }
    },
    "arm_left_tool_lever": {
        "source": "robtarget",
        "position": {
            "type": "relative",
            "x": 190.58,
            "y": 422.14,
            "z": 88.49
        },
        "orientation": {
            "q1": 0.492454,
            "q2": 0.474313,
            "q3": 0.548915,
            "q4": 0.480842
        },
        "axis_configuration": {
            "j1": -1.0,
            "j4": -1.0,
            "j6": -1.0,
            "jx": 4.0
        },
        "external_axes_position": {
            "a1": 173.776,
            "a2": 8999999000.0,
            "a3": 8999999000.0,
            "a4": 8999999000.0,
            "a5": 8999999000.0,
            "a6": 8999999000.0
        }
    },
    "arm_left_tool_lever_down": {
        "source": "robtarget",
        "position": {
            "type": "relative",
            "x": 164.66,
            "y": 285.51,
            "z": 98.39
        },
        "orientation": {
            "q1": 0.493307,
            "q2": 0.511808,
            "q3": 0.514748,
            "q4": 0.479307
        },
        "axis_configuration": {
            "j1": -1.0,
            "j4": -1.0,
            "j6": -1.0,
            "jx": 4.0
        },
        "external_axes_position": {
            "a1": 175.764,
            "a2": 8999999000.0,
            "a3": 8999999000.0,
            "a4": 8999999000.0,
            "a5": 8999999000.0,
            "a6": 8999999000.0
        }
    },
    "arm_left_tool_lever_rotation_1": {
        "source": "robtarget",
        "position": {
            "type": "relative",
            "x": 153.55,
            "y": 205.28,
            "z": 140.47
        },
        "orientation": {
            "q1": 0.504138,
            "q2": 0.505977,
            "q3": 0.49813,
            "q4": 0.491629
        },
        "axis_configuration": {
            "j1": -1.0,
            "j4": -1.0,
            "j6": -1.0,
            "jx": 4.0
        },
        "external_axes_position": {
            "a1": 176.4,
            "a2": 8999999000.0,
            "a3": 8999999000.0,
            "a4": 8999999000.0,
            "a5": 8999999000.0,
            "a6": 8999999000.0
        }
    },
    "arm_left_tool_lever_rotation_2": {
        "source": "robtarget",
        "position": {
            "type": "relative",
            "x": 124.54,
            "y": 130.18,
            "z": 213.88
        },
        "orientation": {
            "q1": 0.47712,
            "q2": 0.552315,
            "q3": 0.50779,
            "q4": 0.457661
        },
        "axis_configuration": {
            "j1": -1.0,
            "j4": -1.0,
            "j6": 0.0,
            "jx": 4.0
        },
        "external_axes_position": {
            "a1": 177.513,
            "a2": 8999999000.0,
            "a3": 8999999000.0,
            "a4": 8999999000.0,
            "a5": 8999999000.0,
            "a6": 8999999000.0
        }
    },
    "arm_left_box_finished": {
        "source": "robtarget",
        "position": {
            "type": "relative",
            "x": 11.81,
            "y": 411.95,
            "z": 248.9
        },
        "orientation": {
            "q1": 0.0231638,
            "q2": 0.686693,
            "q3": 0.722254,
            "q4": 0.0791571
        },
        "axis_configuration": {
            "j1": 0.0,
            "j4": -1.0,
            "j6": -1.0,
            "jx": 4.0
        },