{
    "world_root": {
        "source": "worldpoint",
        "position": {
            "type": "relative",
            "x": 0,
            "y": 0,
            "z": 0
        }
    },
    "arm_right_home": {
        "source": "robtarget",
        "position": {
            "type": "relative",
            "x": -9.578368507,
            "y": -182.609892723,
            "z": 198.627808149
        },
        "orientation": {
            "q1": 0.066010726,
            "q2": -0.842420918,
            "q3": -0.111214912,
            "q4": -0.523068661
        },
        "axis_configuration": {
            "j1": 0,
            "j4": 0,
            "j6": 0,
            "jx": 4
        },
        "external_axes_position": {
            "a1": -135,
            "a2": 9000000000.0,
            "a3": 9000000000.0,
            "a4": 9000000000.0,
            "a5": 9000000000.0,
            "a6": 9000000000.0
        }
    },
    "arm_right_checkpoint": {
        "source": "robtarget",
        "position": {
            "type": "relative",
            "x": 100.000607765,
            "y": -250.001247243,
            "z": 100.000034258
        },
        "orientation": {
            "q1": 3.6e-08,
            "q2": 1,
            "q3": 5.27e-07,
            "q4": -7.24e-07
        },
        "axis_configuration": {
            "j1": 0,
            "j4": 2,
            "j6": -2,
            "jx": 4
        },
        "external_axes_position": {
            "a1": -109.408804654,
            "a2": 9000000000.0,
            "a3": 9000000000.0,
            "a4": 9000000000.0,
            "a5": 9000000000.0,
            "a6": 9000000000.0
        }
    },
    "arm_right_box_rubber": {
        "source": "robtarget",
        "position": {
            "type": "relative",
            "x": 50.002155912,
            "y": -450.00412424,
            "z": 100.001489369
        },
        "orientation": {
            "q1": -3.17e-07,
            "q2": 1,
            "q3": 1.272e-06,
            "q4": -2.62e-06
        },
        "axis_configuration": {
            "j1": 0,
            "j4": 3,
            "j6": -2,
            "jx": 4
        },
        "external_axes_position": {
            "a1": -79.264966865,
            "a2": 9000000000.0,
            "a3": 9000000000.0,
            "a4": 9000000000.0,
            "a5": 9000000000.0,
            "a6": 9000000000.0
        }
    },
    "arm_right_tool_rubber": {
        "source": "robtarget",
        "position": {
            "type": "relative",
            "x": 100.000352048,
            "y": -25.001354037,
            "z": 99.999974104
        },
        "orientation": {
            "q1": 2.14e-07,
            "q2": 1,
            "q3": 1.105e-06,
            "q4": -9.81e-07
        },
        "axis_configuration": {
            "j1": 1,
            "j4": 2,
            "j6": -1,
            "jx": 4
        },
        "external_axes_position": {
            "a1": -125.396358218,
            "a2": 9000000000.0,
            "a3": 9000000000.0,
            "a4": 9000000000.0,
            "a5": 9000000000.0,
            "a6": 9000000000.0
        }
    },
    "arm_right_box_metal": {
        "source": "robtarget",
        "position": {
            "type": "relative",
            "x": 50.000109323,
            "y": -350.000246891,
            "z": 100.000076893
        },
        "orientation": {
            "q1": -1.03e-07,
            "q2": 1,
            "q3": 9.9e-08,
            "q4": -1.81e-07
        },
        "axis_configuration": {
            "j1": 0,
            "j4": 2,
            "j6": -2,
            "jx": 4
        },
        "external_axes_position": {
            "a1": -91.898624339,
            "a2": 9000000000.0,
            "a3": 9000000000.0,
            "a4": 9000000000.0,
            "a5": 9000000000.0,
            "a6": 9000000000.0
        }
    },
    "arm_right_tool_metal": {
        "source": "robtarget",
        "position": {
            "type": "relative",
            "x": 100.000076332,
            "y": -0.000244356,
            "z": 99.999974563
        },
        "orientation": {
            "q1": -9.8e-08,
            "q2": 1,
            "q3": -2.2e-08,
            "q4": -1.6e-07
        },
        "axis_configuration": {
            "j1": 1,
            "j4": 2,
            "j6": -1,
            "jx": 4
        },
        "external_axes_position": {
            "a1": -125.505627584,
            "a2": 9000000000.0,
            "a3": 9000000000.0,
            "a4": 9000000000.0,
            "a5": 9000000000.0,
            "a6": 9000000000.0
        }
    },
    "arm_left_tool_lever": {
        "source": "robtarget",
        "position": {
            "type": "relative",
            "x": 250.000562286,
            "y": 150.002018168,
            "z": 49.999615394
        },
        "orientation": {
            "q1": 0.49999939,
            "q2": -0.500000085,
            "q3": 0.50000118,
            "q4": -0.499999345
        },
        "axis_configuration": {
            "j1": -1,
            "j4": -1,
            "j6": 1,
            "jx": 4
        },
        "external_axes_position": {
            "a1": 94.333347722,
            "a2": 9000000000.0,
            "a3": 9000000000.0,
            "a4": 9000000000.0,
            "a5": 9000000000.0,
            "a6": 9000000000.0
        }
    },
    "arm_left_tool_lever_down": {
        "source": "robtarget",
        "position": {
            "type": "relative",
            "x": 250.000287241,
            "y": 50.000974409,
            "z": 49.999791619
        },
        "orientation": {
            "q1": 0.499999548,
            "q2": -0.500000106,
            "q3": 0.500000435,
            "q4": -0.49999991
        },
        "axis_configuration": {
            "j1": -1,
            "j4": -1,
            "j6": 2,
            "jx": 4
        },
        "external_axes_position": {
            "a1": 96.426746061,
            "a2": 9000000000.0,
            "a3": 9000000000.0,
            "a4": 9000000000.0,
            "a5": 9000000000.0,
            "a6": 9000000000.0
        }
    },
    "arm_left_tool_lever_rotation_1": {
        "source": "robtarget",
        "position": {
            "type": "relative",
            "x": 250.000157994,
            "y": 25.001740171,
            "z": 74.999571571
        },
        "orientation": {
            "q1": 0.499999569,
            "q2": -0.499999888,
            "q3": 0.500001255,
            "q4": -0.499999288
        },
        "axis_configuration": {
            "j1": -1,
            "j4": -1,
            "j6": 2,
            "jx": 4
        },
        "external_axes_position": {
            "a1": 98.692039771,
            "a2": 9000000000.0,
            "a3": 9000000000.0,
            "a4": 9000000000.0,
            "a5": 9000000000.0,
            "a6": 9000000000.0
        }
    },
    "arm_left_tool_lever_rotation_2": {
        "source": "robtarget",
        "position": {
            "type": "relative",
            "x": 250.000177511,
            "y": 0.004518368,
            "z": 99.998794092
        },
        "orientation": {
            "q1": 0.499999054,
            "q2": -0.499999762,
            "q3": 0.500003243,
            "q4": -0.499997942
        },
        "axis_configuration": {
            "j1": -1,
            "j4": -1,
            "j6": 2,
            "jx": 4
        },
        "external_axes_position": {
            "a1": 100.724867992,
            "a2": 9000000000.0,
            "a3": 9000000000.0,
            "a4": 9000000000.0,
            "a5": 9000000000.0,
            "a6": 9000000000.0
        }
    },
    "arm_left_box_finished": {
        "source": "robtarget",
        "position": {
            "type": "relative",
            "x": 50.000336481,
            "y": 350.000656861,
            "z": 100.000168447
        },
        "orientation": {
            "q1": 1.1e-08,
            "q2": 1,
            "q3": -5.1e-08,
            "q4": -4.2e-07
        },