{
    "world_root": {
        "source": "worldpoint",
        "position": {
            "type": "relative",
            "x": 0,
            "y": 0,
            "z": 0
        }
    },
    "home_arm_left": {
        "source": "robtarget",
        "position": {
            "type": "relative",
            "x": -9.578368507,
            "y": 182.609892723,
            "z": 198.627808149
        },
        "orientation": {
            "q1": 0.066010726,
            "q2": 0.842420918,
            "q3": -0.111214912,
            "q4": 0.523068661
        },
        "axis_configuration": {
            "j1": 0,
            "j4": 0,
            "j6": 0,
            "jx": 4
        },
        "external_axes_position": {
            "a1": 135,
            "a2": 9000000000.0,
            "a3": 9000000000.0,
            "a4": 9000000000.0,
            "a5": 9000000000.0,
            "a6": 9000000000.0
        }
    },
    "home_arm_right": {
        "source": "robtarget",
        "position": {
            "type": "relative",
            "x": -9.578368507,
            "y": -182.609892723,
            "z": 198.627808149
        },
        "orientation": {
            "q1": 0.066010726,
            "q2": -0.842420918,
            "q3": -0.111214912,
            "q4": -0.523068661
        },
        "axis_configuration": {
            "j1": 0,
            "j4": 0,
            "j6": 0,
            "jx": 4
        },
        "external_axes_position": {
            "a1": -135,
            "a2": 9000000000.0,
            "a3": 9000000000.0,
            "a4": 9000000000.0,
            "a5": 9000000000.0,
            "a6": 9000000000.0
        }
    },
    "arm_left_box_rubber": {
        "source": "robtarget",
        "position": {
            "type": "relative",
            "x": 0.000118624,
            "y": -500.000273551,
            "z": 50.000135047
        },
        "orientation": {
            "q1": -7.4e-08,
            "q2": 1,
            "q3": 1.53e-07,
            "q4": -2.18e-07
        },
        "axis_configuration": {
            "j1": 1,
            "j4": -3,
            "j6": 1,
            "jx": 4
        },
        "external_axes_position": {
            "a1": 141.160749011,
            "a2": 9000000000.0,
            "a3": 9000000000.0,
            "a4": 9000000000.0,
            "a5": 9000000000.0,
            "a6": 9000000000.0
        }
    },
    "arm_left_box_metal": {
        "source": "robtarget",
        "position": {
            "type": "relative",
            "x": 6.7094e-05,
            "y": -400.000238942,
            "z": 50.000095187
        },
        "orientation": {
            "q1": -9.6e-08,
            "q2": 1,
            "q3": 1.6e-08,
            "q4": -1.44e-07
        },
        "axis_configuration": {
            "j1": 1,
            "j4": -2,
            "j6": 0,
            "jx": 4
        },
        "external_axes_position": {
            "a1": 144.348261693,
            "a2": 9000000000.0,
            "a3": 9000000000.0,
            "a4": 9000000000.0,
            "a5": 9000000000.0,
            "a6": 9000000000.0
        }
    },
    "arm_left_tool_rubber": {
        "source": "robtarget",
        "position": {
            "type": "relative",
            "x": 250.000049229,
            "y": 49.999763028,
            "z": 49.999925352
        },
        "orientation": {
            "q1": -1.39e-07,
            "q2": 1,
            "q3": -3e-09,
            "q4": -1.55e-07
        },
        "axis_configuration": {
            "j1": 2,
            "j4": -2,
            "j6": 0,
            "jx": 4
        },
        "external_axes_position": {
            "a1": 167.500034828,
            "a2": 9000000000.0,
            "a3": 9000000000.0,
            "a4": 9000000000.0,
            "a5": 9000000000.0,
            "a6": 9000000000.0
        }
    },
    "arm_left_tool_metal": {
        "source": "robtarget",
        "position": {
            "type": "relative",
            "x": 250.000052017,
            "y": -50.000262069,
            "z": 49.999940798
        },
        "orientation": {
            "q1": -1.41e-07,
            "q2": 1,
            "q3": 3.2e-08,
            "q4": -1.49e-07
        },
        "axis_configuration": {
            "j1": 2,
            "j4": -2,
            "j6": 0,
            "jx": 4
        },
        "external_axes_position": {
            "a1": 164.490284649,
            "a2": 9000000000.0,
            "a3": 9000000000.0,
            "a4": 9000000000.0,
            "a5": 9000000000.0,
            "a6": 9000000000.0
        }
    },
    "arm_right_tool_metal": {
        "source": "robtarget",
        "position": {
            "type": "relative",
            "x": 250.000035345,
            "y": -49.999777982,
            "z": 49.999924329
        },
        "orientation": {
            "q1": 6.3e-08,
            "q2": 1,
            "q3": -2.8e-08,
            "q4": -1.6e-07
        },
        "axis_configuration": {
            "j1": -1,
            "j4": 2,
            "j6": -2,
            "jx": 4
        },
        "external_axes_position": {
            "a1": 84.831905718,
            "a2": 9000000000.0,
            "a3": 9000000000.0,
            "a4": 9000000000.0,
            "a5": 9000000000.0,
            "a6": 9000000000.0
        }
    },
    "arm_right_box_finished": {
        "source": "robtarget",
        "position": {
            "type": "relative",
            "x": 8.7707e-05,
            "y": 400.000221795,
            "z": 50.000083448
        },
        "orientation": {
            "q1": 9.5e-08,
            "q2": 1,
            "q3": -8e-09,
            "q4": -1.38e-07
        },
        "axis_configuration": {
            "j1": 0,
            "j4": 1,
            "j6": -1,
            "jx": 4
        },
        "external_axes_position": {
            "a1": 82.295460328,
            "a2": 9000000000.0,
            "a3": 9000000000.0,
            "a4": 9000000000.0,
            "a5": 9000000000.0,
            "a6": 9000000000.0
        }
    }
}
